time,latitude,longitude,ele,hr,cadence,power,dt,dist,speed_mps,speed_mps_smooth,pace_sec_km,lat_prev,lon_prev,distance_segment_m,time_prev,time_delta_s,distance_cumulative_km,pace_min_per_km,heart_rate,is_walk,planning_id,zone_hr,zone_pace,zone_effective
2025-08-15 16:54:54+00:00,34.601836,-98.422046,341.3,148,144,,1.0,3.4645277104124412,3.4645277104124412,3.5773612821933183,279.5356468404805,34.601817,-98.422016,3.4645277104124412,2025-08-15 16:54:53+00:00,1.0,0.16690338070987282,4.810670138359459,148,False,2025w33-Fri,Z2 (Aerobic),Z5 (VO2max),mixed
2025-08-15 16:54:55+00:00,34.601856,-98.422074,341.4,148,152,,1.0,3.3931417236798254,3.3931417236798254,3.558377227766473,281.02697830822206,34.601836,-98.422046,3.3931417236798254,2025-08-15 16:54:54+00:00,1.0,0.17029652243355264,4.91187853536667,148,False,2025w33-Fri,Z2 (Aerobic),Z5 (VO2max),mixed
2025-08-15 16:54:56+00:00,34.601873,-98.422109,341.5,149,164,,1.0,3.719580559391856,3.719580559391856,3.5351238723466496,282.8755189662393,34.601856,-98.422074,3.719580559391856,2025-08-15 16:54:55+00:00,1.0,0.1740161029929445,4.48080092200637,149,False,2025w33-Fri,Z2 (Aerobic),Z5 (VO2max),mixed
2025-08-15 16:54:57+00:00,34.601893,-98.42214,341.6,149,164,,1.0,3.6050181908005667,3.6050181908005667,3.6330181052738255,275.2532387736693,34.601873,-98.422109,3.6050181908005667,2025-08-15 16:54:56+00:00,1.0,0.17762112118374507,4.623194424519346,149,False,2025w33-Fri,Z2 (Aerobic),Z5 (VO2max),mixed
2025-08-15 16:54:58+00:00,34.601916,-98.422166,341.6,149,164,,1.0,3.49337559120617,3.49337559120617,3.6984010619064636,270.38711682732344,34.601893,-98.42214,3.49337559120617,2025-08-15 16:54:57+00:00,1.0,0.18111449677495123,4.770944195624104,149,False,2025w33-Fri,Z2 (Aerobic),Z5 (VO2max),mixed
2025-08-15 16:54:59+00:00,34.601945,-98.422191,341.7,151,164,,1.0,3.9539995520089,3.9539995520089,3.535022433425464,282.883636195483,34.601916,-98.422166,3.9539995520089,2025-08-15 16:54:58+00:00,1.0,0.18506849632696012,4.215149693563365,151,False,2025w33-Fri,Z2 (Aerobic),Z5 (VO2max),mixed
2025-08-15 16:55:00+00:00,34.601972,-98.422215,341.8,152,166,,1.0,3.720056958339886,3.720056958339886,3.384569407408899,295.45855901521105,34.601945,-98.422191,3.720056958339886,2025-08-15 16:54:59+00:00,1.0,0.1887885532853,4.4802271004575385,152,False,2025w33-Fri,Z2 (Aerobic),Z4 (Threshold),mixed
2025-08-15 16:55:01+00:00,34.601995,-98.42223,341.8,154,166,,1.0,2.902686288884644,2.902686288884644,3.244575429896243,308.206735089521,34.601972,-98.422215,2.902686288884644,2025-08-15 16:55:00+00:00,1.0,0.19169123957418463,5.741819246476053,154,False,2025w33-Fri,Z2 (Aerobic),Z4 (Threshold),mixed
2025-08-15 16:55:02+00:00,34.60202,-98.422237,341.8,155,166,,1.0,2.852752021366034,2.852752021366034,3.054508176105794,327.38494786905574,34.601995,-98.42223,2.852752021366034,2025-08-15 16:55:01+00:00,1.0,0.19454399159555066,5.842323438971462,155,False,2025w33-Fri,Z2 (Aerobic),Z3 (Tempo),mixed
2025-08-15 16:55:03+00:00,34.602045,-98.42224,341.8,155,166,,1.0,2.7934047371868793,2.7934047371868793,2.913456410757182,343.23492752723513,34.60202,-98.422237,2.7934047371868793,2025-08-15 16:55:02+00:00,1.0,0.19733739633273753,5.966446529615444,155,False,2025w33-Fri,Z2 (Aerobic),Z3 (Tempo),mixed
2025-08-15 16:55:04+00:00,34.602072,-98.422239,341.8,156,164,,1.0,3.0036619695160773,3.0036619695160773,2.8936954081905313,345.57887370229963,34.602045,-98.42224,3.0036619695160773,2025-08-15 16:55:03+00:00,1.0,0.20034105830225363,5.548793495789137,156,False,2025w33-Fri,Z2 (Aerobic),Z2 (Aerobic),Z2 (Aerobic)
2025-08-15 16:55:05+00:00,34.602099,-98.422236,341.9,156,164,,1.0,3.0147971582794293,3.0147971582794293,2.8803245072999126,347.18310296829185,34.602072,-98.422239,3.0147971582794293,2025-08-15 16:55:04+00:00,1.0,0.20335585546053306,5.528298961748998,156,False,2025w33-Fri,Z2 (Aerobic),Z2 (Aerobic),Z2 (Aerobic)
2025-08-15 16:55:06+00:00,34.602124,-98.422232,341.9,156,164,,1.0,2.803881139387571,2.803881139387571,2.7890216315888354,358.54867121640973,34.602099,-98.422236,2.803881139387571,2025-08-15 16:55:05+00:00,1.0,0.20615973659992065,5.944153539846689,156,False,2025w33-Fri,Z2 (Aerobic),Z2 (Aerobic),Z2 (Aerobic)
2025-08-15 16:55:07+00:00,34.602149,-98.42223,341.9,156,162,,1.0,2.7858974245267105,2.7858974245267105,2.7667933692584894,361.4292310769863,34.602124,-98.422232,2.7858974245267105,2025-08-15 16:55:06+00:00,1.0,0.20894563402444738,5.982524644758399,156,False,2025w33-Fri,Z2 (Aerobic),Z2 (Aerobic),Z2 (Aerobic)
2025-08-15 16:55:08+00:00,34.60217,-98.422229,341.8,157,162,,1.0,2.3368897280612697,2.3368897280612697,2.7003880998610357,370.31714072931254,34.602149,-98.42223,2.3368897280612697,2025-08-15 16:55:07+00:00,1.0,0.21128252375250864,7.132001052453179,157,False,2025w33-Fri,Z2 (Aerobic),Z2 (Aerobic),Z2 (Aerobic)
2025-08-15 16:55:09+00:00,34.602196,-98.422228,341.8,158,162,,1.0,2.892520504455271,2.892520504455271,2.807785937398895,356.1525067421593,34.60217,-98.422229,2.892520504455271,2025-08-15 16:55:08+00:00,1.0,0.2141750442569639,5.761998912135189,158,False,2025w33-Fri,Z2 (Aerobic),Z2 (Aerobic),Z2 (Aerobic)
2025-08-15 16:55:10+00:00,34.60222,-98.422225,341.8,159,162,,1.0,2.682770352607084,2.682770352607084,2.650908958050858,377.22909983874854,34.602196,-98.422228,2.682770352607084,2025-08-15 16:55:09+00:00,1.0,0.216857814609571,6.212495968506398,159,False,2025w33-Fri,Z2 (Aerobic),Z2 (Aerobic),Z2 (Aerobic)
2025-08-15 16:55:11+00:00,34.60225,-98.422223,341.8,160,160,,1.0,3.3408710687959875,3.3408710687959875,2.696336844675998,370.8735434797516,34.60222,-98.422225,3.3408710687959875,2025-08-15 16:55:10+00:00,1.0,0.22019868567836698,4.988728884412319,160,False,2025w33-Fri,Z2 (Aerobic),Z2 (Aerobic),Z2 (Aerobic)
2025-08-15 16:55:12+00:00,34.602268,-98.422223,341.8,161,160,,1.0,2.0015114443370106,2.0015114443370106,2.678608973880029,373.3281004250038,34.60225,-98.422223,2.0015114443370106,2025-08-15 16:55:11+00:00,1.0,0.222200197122704,8.327057058382572,161,False,2025w33-Fri,Z3 (Tempo),Z2 (Aerobic),mixed
2025-08-15 16:55:13+00:00,34.602291,-98.422221,341.8,162,160,,1.0,2.5640294749650363,2.5640294749650363,2.6316556396994106,379.9889259501371,34.602268,-98.422223,2.5640294749650363,2025-08-15 16:55:12+00:00,1.0,0.224764226597669,6.5001982866157455,162,False,2025w33-Fri,Z3 (Tempo),Z2 (Aerobic),mixed
2025-08-15 16:55:14+00:00,34.602316,-98.422217,341.8,165,160,,1.0,2.8038810280186905,2.8038810280186905,2.4753064555508675,403.9903817798006,34.602291,-98.422221,2.8038810280186905,2025-08-15 16:55:13+00:00,1.0,0.22756810762568772,5.944153775945767,165,False,2025w33-Fri,Z3 (Tempo),Z2 (Aerobic),mixed
2025-08-15 16:55:15+00:00,34.602338,-98.422216,341.8,168,160,,1.0,2.448003357580669,2.448003357580669,2.698771611736282,370.53895025842513,34.602316,-98.422217,2.448003357580669,2025-08-15 16:55:14+00:00,1.0,0.23001611098326835,6.808283145686324,168,False,2025w33-Fri,Z3 (Tempo),Z2 (Aerobic),mixed
2025-08-15 16:55:16+00:00,34.602361,-98.422215,341.8,170,160,,1.0,2.5591240676422413,2.5591240676422413,2.6586901684425746,376.1250603284048,34.602338,-98.422216,2.5591240676422413,2025-08-15 16:55:15+00:00,1.0,0.2325752350509106,6.512658065599482,170,False,2025w33-Fri,Z3 (Tempo),Z2 (Aerobic),mixed
2025-08-15 16:55:17+00:00,34.602389,-98.422213,341.8,171,160,,1.0,3.1188387691708743,3.1188387691708743,2.631964193538854,379.94437859560406,34.602361,-98.422215,3.1188387691708743,2025-08-15 16:55:16+00:00,1.0,0.23569407382008148,5.343879960948012,171,False,2025w33-Fri,Z3 (Tempo),Z2 (Aerobic),mixed
2025-08-15 16:55:18+00:00,34.60241,-98.422209,341.8,173,160,,1.0,2.363621981029857,2.363621981029857,2.683890495684499,372.59344284274164,34.602389,-98.422213,2.363621981029857,2025-08-15 16:55:17+00:00,1.0,0.23805769580111136,7.051339060884062,173,False,2025w33-Fri,Z3 (Tempo),Z2 (Aerobic),mixed
2025-08-15 16:55:19+00:00,34.602434,-98.42221,341.8,173,160,,1.0,2.6702509696231753,2.6702509696231753,2.7769668761201993,360.10512354297003,34.60241,-98.422209,2.6702509696231753,2025-08-15 16:55:18+00:00,1.0,0.24072794677073453,6.241623049518823,173,False,2025w33-Fri,Z3 (Tempo),Z2 (Aerobic),mixed
2025-08-15 16:55:20+00:00,34.602458,-98.422215,341.8,174,160,,1.0,2.707635226139822,2.707635226139822,2.6897532935640696,371.78130886306883,34.602434,-98.42221,2.707635226139822,2025-08-15 16:55:19+00:00,1.0,0.24343558199687435,6.1554451054181,174,False,2025w33-Fri,Z3 (Tempo),Z2 (Aerobic),mixed
2025-08-15 16:55:21+00:00,34.602485,-98.422219,341.8,174,160,,1.0,3.024506613339117,3.024506613339117,2.6751690817352936,373.80814798866214,34.602458,-98.422215,3.024506613339117,2025-08-15 16:55:20+00:00,1.0,0.24646008861021346,5.510551680229134,174,False,2025w33-Fri,Z3 (Tempo),Z2 (Aerobic),mixed
2025-08-15 16:55:22+00:00,34.602509,-98.422222,341.8,174,160,,1.0,2.68277025410782,2.68277025410782,2.6450376685249406,378.0664494497239,34.602485,-98.422219,2.68277025410782,2025-08-15 16:55:21+00:00,1.0,0.24914285886432128,6.2124961966013235,174,False,2025w33-Fri,Z3 (Tempo),Z2 (Aerobic),mixed
2025-08-15 16:55:23+00:00,34.602529,-98.422228,341.8,174,160,,1.0,2.290700821152883,2.290700821152883,2.724118785922255,367.0911874943986,34.602509,-98.422222,2.290700821152883,2025-08-15 16:55:22+00:00,1.0,0.25143355968547415,7.275808279324684,174,False,2025w33-Fri,Z3 (Tempo),Z2 (Aerobic),mixed
2025-08-15 16:55:24+00:00,34.602548,-98.422243,341.8,174,158,,1.0,2.519593695162495,2.519593695162495,2.766479231189753,361.47027193475066,34.602529,-98.422228,2.519593695162495,2025-08-15 16:55:23+00:00,1.0,0.2539531533806367,6.614836365085094,174,False,2025w33-Fri,Z3 (Tempo),Z2 (Aerobic),mixed
2025-08-15 16:55:25+00:00,34.602561,-98.422273,341.8,174,160,,1.0,3.10304135949472,3.10304135949472,2.86681912166424,348.81865843683994,34.602548,-98.422243,3.10304135949472,2025-08-15 16:55:24+00:00,1.0,0.2570561947401314,5.371085354374362,174,False,2025w33-Fri,Z3 (Tempo),Z2 (Aerobic),mixed
2025-08-15 16:55:26+00:00,34.602575,-98.422304,341.8,174,162,,1.0,3.2363091319643162,3.2363091319643162,3.0485220404839017,328.0278071538124,34.602561,-98.422273,3.2363091319643162,2025-08-15 16:55:25+00:00,1.0,0.26029250387209574,5.14990976461014,174,False,2025w33-Fri,Z3 (Tempo),Z3 (Tempo),Z3 (Tempo)
2025-08-15 16:55:27+00:00,34.602592,-98.422332,341.8,174,162,,1.0,3.1844703987016305,3.1844703987016305,3.156874720016995,316.76898473646634,34.602575,-98.422304,3.1844703987016305,2025-08-15 16:55:26+00:00,1.0,0.26347697427079736,5.233743107423869,174,False,2025w33-Fri,Z3 (Tempo),Z3 (Tempo),Z3 (Tempo)
2025-08-15 16:55:28+00:00,34.602615,-98.422353,341.8,174,162,,1.0,3.1992166709054977,3.1992166709054977,3.1411677728343808,318.3529414277883,34.602592,-98.422332,3.1992166709054977,2025-08-15 16:55:27+00:00,1.0,0.26667619094170286,5.2096190144203955,174,False,2025w33-Fri,Z3 (Tempo),Z3 (Tempo),Z3 (Tempo)
2025-08-15 16:55:29+00:00,34.602641,-98.422364,341.8,174,162,,1.0,3.0613578415906026,3.0613578415906026,3.076738060680852,325.01954351574204,34.602615,-98.422353,3.0613578415906026,2025-08-15 16:55:28+00:00,1.0,0.2697375487832935,5.444218174553685,174,False,2025w33-Fri,Z3 (Tempo),Z3 (Tempo),Z3 (Tempo)
2025-08-15 16:55:30+00:00,34.602668,-98.422368,341.8,175,164,,1.0,3.024506514844202,3.024506514844202,3.0183481588119627,331.3070419264042,34.602641,-98.422364,3.024506514844202,2025-08-15 16:55:29+00:00,1.0,0.2727620552981377,5.5105518596836385,175,False,2025w33-Fri,Z3 (Tempo),Z3 (Tempo),Z3 (Tempo)
2025-08-15 16:55:31+00:00,34.602694,-98.422372,341.7,175,164,,1.0,2.914160126436852,2.914160126436852,2.992478113681267,334.1711992572693,34.602668,-98.422368,2.914160126436852,2025-08-15 16:55:30+00:00,1.0,0.27567621542457454,5.7192121492577,175,False,2025w33-Fri,Z3 (Tempo),Z3 (Tempo),Z3 (Tempo)
2025-08-15 16:55:32+00:00,34.60272,-98.422371,341.7,175,164,,1.0,2.892520486181925,2.892520486181925,2.9982593783187146,333.52684802098537,34.602694,-98.422372,2.892520486181925,2025-08-15 16:55:31+00:00,1.0,0.2785687359107565,5.761998948536314,175,False,2025w33-Fri,Z3 (Tempo),Z3 (Tempo),Z3 (Tempo)
2025-08-15 16:55:33+00:00,34.602747,-98.422364,341.7,175,162,,1.0,3.069866266244553,3.069866266244553,2.9639082570953486,337.3923594315322,34.60272,-98.422371,3.069866266244553,2025-08-15 16:55:32+00:00,1.0,0.28163860217700104,5.429129009059019,175,False,2025w33-Fri,Z3 (Tempo),Z3 (Tempo),Z3 (Tempo)
2025-08-15 16:55:34+00:00,34.602774,-98.422356,341.7,175,162,,1.0,3.090264204540918,3.090264204540918,2.9826446856297886,335.2729223222407,34.602747,-98.422364,3.090264204540918,2025-08-15 16:55:33+00:00,1.0,0.28472886638154193,5.393292902111573,175,False,2025w33-Fri,Z3 (Tempo),Z3 (Tempo),Z3 (Tempo)
2025-08-15 16:55:35+00:00,34.602799,-98.422349,341.6,176,162,,1.0,2.8527506716805715,2.8527506716805715,2.9604172804379703,337.79021849651474,34.602774,-98.422356,2.8527506716805715,2025-08-15 16:55:34+00:00,1.0,0.2875816170532225,5.8423262030752765,176,False,2025w33-Fri,Z4 (Threshold),Z3 (Tempo),mixed
2025-08-15 16:55:36+00:00,34.602826,-98.422347,341.6,176,164,,1.0,3.007842398436519,3.007842398436519,2.8814346382636313,347.0493436570214,34.602799,-98.422349,3.007842398436519,2025-08-15 16:55:35+00:00,1.0,0.29058945945165904,5.541081543588645,176,False,2025w33-Fri,Z4 (Threshold),Z2 (Aerobic),mixed
2025-08-15 16:55:37+00:00,34.602851,-98.422348,341.6,177,164,,1.0,2.7813833067015277,2.7813833067015277,2.8441981749676417,351.592940604913,34.602826,-98.422347,2.7813833067015277,2025-08-15 16:55:36+00:00,1.0,0.29337084275836056,5.992234137539718,177,False,2025w33-Fri,Z4 (Threshold),Z2 (Aerobic),mixed
2025-08-15 16:55:38+00:00,34.602875,-98.42235,341.5,177,164,,1.0,2.674952510161751,2.674952510161751,2.8308275215071896,353.2535954248388,34.602851,-98.422348,2.674952510161751,2025-08-15 16:55:37+00:00,1.0,0.29604579526852226,6.230652670163548,177,False,2025w33-Fri,Z4 (Threshold),Z2 (Aerobic),mixed
2025-08-15 16:55:39+00:00,34.602901,-98.422353,341.5,179,166,,1.0,2.904081630786441,2.904081630786441,2.8308275181157727,353.2535958480473,34.602875,-98.42235,2.904081630786441,2025-08-15 16:55:38+00:00,1.0,0.29894987689930874,5.739060439388051,179,False,2025w33-Fri,Z4 (Threshold),Z2 (Aerobic),mixed
2025-08-15 16:55:40+00:00,34.602926,-98.422351,341.4,179,166,,1.0,2.785897311993792,2.785897311993792,2.809541385156256,355.9299767867216,34.602901,-98.422353,2.785897311993792,2025-08-15 16:55:39+00:00,1.0,0.3017357742113025,5.982524886415174,179,False,2025w33-Fri,Z4 (Threshold),Z2 (Aerobic),mixed
2025-08-15 16:55:41+00:00,34.602953,-98.422349,341.4,179,166,,1.0,3.0078423814711193,3.0078423814711193,2.7860482846929076,358.9313241605305,34.602926,-98.422351,3.0078423814711193,2025-08-15 16:55:40+00:00,1.0,0.3047436165927736,5.541081574842498,179,False,2025w33-Fri,Z4 (Threshold),Z2 (Aerobic),mixed
2025-08-15 16:55:42+00:00,34.602977,-98.422351,341.4,178,166,,1.0,2.6749524948559897,2.6749524948559897,2.7612073940642317,362.1604093012717,34.602953,-98.422349,2.6749524948559897,2025-08-15 16:55:41+00:00,1.0,0.3074185690876296,6.230652705814604,178,False,2025w33-Fri,Z4 (Threshold),Z2 (Aerobic),mixed
2025-08-15 16:55:43+00:00,34.603,-98.422351,341.4,179,166,,1.0,2.5574868455810313,2.5574868455810313,2.7155253637445833,368.2528667753066,34.602977,-98.422351,2.5574868455810313,2025-08-15 16:55:42+00:00,1.0,0.3099760559332106,6.516827262981882,179,False,2025w33-Fri,Z4 (Threshold),Z2 (Aerobic),mixed
2025-08-15 16:55:44+00:00,34.603025,-98.422351,341.4,179,164,,1.0,2.779877005512781,2.779877005512781,2.6480071696347878,377.64248203977473,34.603,-98.422351,2.779877005512781,2025-08-15 16:55:43+00:00,1.0,0.3127559329387234,5.9954810831372125,179,False,2025w33-Fri,Z4 (Threshold),Z2 (Aerobic),mixed
2025-08-15 16:55:45+00:00,34.603048,-98.422351,341.4,179,164,,1.0,2.5574868455810313,2.5574868455810313,2.632638133082016,379.84711511768046,34.603025,-98.422351,2.5574868455810313,2025-08-15 16:55:44+00:00,1.0,0.31531341978430444,6.516827262981882,179,False,2025w33-Fri,Z4 (Threshold),Z2 (Aerobic),mixed
2025-08-15 16:55:46+00:00,34.603072,-98.422352,341.4,179,164,,1.0,2.6702509440685316,2.6702509440685316,2.6225751620950515,381.3046102370417,34.603048,-98.422351,2.6702509440685316,2025-08-15 16:55:45+00:00,1.0,0.31798367072837297,6.241623109251956,179,False,2025w33-Fri,Z4 (Threshold),Z2 (Aerobic),mixed
2025-08-15 16:55:47+00:00,34.603095,-98.422357,341.4,180,164,,1.0,2.598107206528946,2.598107206528946,2.586221243664865,386.6645216257395,34.603072,-98.422352,2.598107206528946,2025-08-15 16:55:46+00:00,1.0,0.3205817779349019,6.414939290463922,180,False,2025w33-Fri,Z4 (Threshold),Z2 (Aerobic),mixed
2025-08-15 16:55:48+00:00,34.603117,-98.422363,341.4,180,164,,1.0,2.5071719211922656,2.5071719211922656,2.608774031650793,383.32181625068347,34.603095,-98.422357,2.5071719211922656,2025-08-15 16:55:47+00:00,1.0,0.32308894985609415,6.64760954728397,180,False,2025w33-Fri,Z4 (Threshold),Z2 (Aerobic),mixed
2025-08-15 16:55:49+00:00,34.60314,-98.422368,341.4,180,164,,1.0,2.5981071623598027,2.5981071623598027,2.6319032658461046,379.95317418268405,34.603117,-98.422363,2.5981071623598027,2025-08-15 16:55:48+00:00,1.0,0.3256870570184539,6.4149393995211526,180,False,2025w33-Fri,Z4 (Threshold),Z2 (Aerobic),mixed
2025-08-15 16:55:50+00:00,34.603164,-98.422369,341.4,180,164,,1.0,2.670250941260145,2.670250941260145,2.6904961608134723,371.678657106,34.60314,-98.422368,2.670250941260145,2025-08-15 16:55:49+00:00,1.0,0.328357307959714,6.241623115816466,180,False,2025w33-Fri,Z4 (Threshold),Z2 (Aerobic),mixed
2025-08-15 16:55:51+00:00,34.603189,-98.422367,341.4,180,164,,1.0,2.7858972746855395,2.7858972746855395,2.723111919377651,367.22691890994446,34.603164,-98.422369,2.7858972746855395,2025-08-15 16:55:50+00:00,1.0,0.3311432052343996,5.982524966532108,180,False,2025w33-Fri,Z4 (Threshold),Z2 (Aerobic),mixed
2025-08-15 16:55:52+00:00,34.603215,-98.422367,341.4,180,164,,1.0,2.891072086185979,2.891072086185979,2.7422257502718255,364.6672779952103,34.603189,-98.422367,2.891072086185979,2025-08-15 16:55:51+00:00,1.0,0.3340342773205856,5.7648856559600326,180,False,2025w33-Fri,Z4 (Threshold),Z2 (Aerobic),mixed
2025-08-15 16:55:53+00:00,34.603239,-98.422366,341.4,180,164,,1.0,2.670250938426949,2.670250938426949,2.818590874052959,354.78721271883705,34.603215,-98.422367,2.670250938426949,2025-08-15 16:55:52+00:00,1.0,0.33670452825901254,6.241623122438969,180,False,2025w33-Fri,Z4 (Threshold),Z2 (Aerobic),mixed
2025-08-15 16:55:54+00:00,34.603263,-98.422362,341.4,180,164,,1.0,2.69367644954713,2.69367644954713,2.818590870386121,354.7872131803965,34.603239,-98.422366,2.69367644954713,2025-08-15 16:55:53+00:00,1.0,0.33939820470855964,6.187342953828794,180,False,2025w33-Fri,Z4 (Threshold),Z2 (Aerobic),mixed
2025-08-15 16:55:55+00:00,34.60329,-98.422356,341.4,179,164,,1.0,3.052077087418128,3.052077087418128,2.774426701073583,360.43482410728075,34.603263,-98.422362,3.052077087418128,2025-08-15 16:55:54+00:00,1.0,0.3424502817959778,5.460772949905737,179,False,2025w33-Fri,Z4 (Threshold),Z2 (Aerobic),mixed
2025-08-15 16:55:56+00:00,34.603315,-98.422354,341.4,179,164,,1.0,2.7858972563602764,2.7858972563602764,2.753182403841916,363.2160363238391,34.60329,-98.422356,2.7858972563602764,2025-08-15 16:55:55+00:00,1.0,0.34523617905233805,5.982525005884365,179,False,2025w33-Fri,Z4 (Threshold),Z2 (Aerobic),mixed
2025-08-15 16:55:57+00:00,34.603339,-98.422353,341.4,179,164,,1.0,2.67025093468926,2.67025093468926,2.7484973071409846,363.8351754618273,34.603315,-98.422354,2.67025093468926,2025-08-15 16:55:56+00:00,1.0,0.3479064299870273,6.241623131175692,179,False,2025w33-Fri,Z4 (Threshold),Z2 (Aerobic),mixed
2025-08-15 16:55:58+00:00,34.603362,-98.422355,341.5,179,164,,1.0,2.5640293056407213,2.5640293056407213,2.69526141181973,371.02152526453494,34.603339,-98.422353,2.5640293056407213,2025-08-15 16:55:57+00:00,1.0,0.350470459292668,6.500198715878243,179,False,2025w33-Fri,Z4 (Threshold),Z2 (Aerobic),mixed
2025-08-15 16:55:59+00:00,34.603386,-98.422356,341.5,179,166,,1.0,2.6702509336206943,2.6702509336206943,2.701540434435248,370.15918298074564,34.603362,-98.422355,2.6702509336206943,2025-08-15 16:55:58+00:00,1.0,0.35314071022628873,6.241623133673429,179,False,2025w33-Fri,Z4 (Threshold),Z2 (Aerobic),mixed
2025-08-15 16:56:00+00:00,34.603411,-98.422358,341.5,179,164,,1.0,2.7858972425329505,2.7858972425329505,2.7529034682648166,363.2528388764428,34.603386,-98.422356,2.7858972425329505,2025-08-15 16:55:59+00:00,1.0,0.35592660746882165,5.982525035577607,179,False,2025w33-Fri,Z4 (Threshold),Z2 (Aerobic),mixed
2025-08-15 16:56:01+00:00,34.603436,-98.422363,341.5,179,164,,1.0,2.8172924133958475,2.8172924133958475,2.8229294476195728,354.24193858023875,34.603411,-98.422358,2.8172924133958475,2025-08-15 16:56:00+00:00,1.0,0.35874389988221755,5.915857339036614,179,False,2025w33-Fri,Z4 (Threshold),Z2 (Aerobic),mixed
2025-08-15 16:56:02+00:00,34.603462,-98.422368,341.5,179,164,,1.0,2.9270664585630293,2.9270664585630293,2.89378037576128,345.5687267686738,34.603436,-98.422363,2.9270664585630293,2025-08-15 16:56:01+00:00,1.0,0.36167096634078055,5.693994391976362,179,False,2025w33-Fri,Z4 (Threshold),Z2 (Aerobic),mixed
2025-08-15 16:56:03+00:00,34.603488,-98.422372,341.5,179,164,,1.0,2.9141596859971526,2.9141596859971526,2.892877584839174,345.67656966915655,34.603462,-98.422368,2.9141596859971526,2025-08-15 16:56:02+00:00,1.0,0.36458512602677773,5.719213013646873,179,False,2025w33-Fri,Z4 (Threshold),Z2 (Aerobic),mixed
2025-08-15 16:56:04+00:00,34.603515,-98.422376,341.5,179,164,,1.0,3.02450606356991,3.02450606356991,2.819019865412326,354.7332220923297,34.603488,-98.422372,3.02450606356991,2025-08-15 16:56:03+00:00,1.0,0.36760963209034764,5.510552681890749,179,False,2025w33-Fri,Z4 (Threshold),Z2 (Aerobic),mixed
2025-08-15 16:56:05+00:00,34.60354,-98.422377,341.5,179,164,,1.0,2.7813832816755366,2.7813832816755366,2.7922874580056853,358.129316927213,34.603515,-98.422376,2.7813832816755366,2025-08-15 16:56:04+00:00,1.0,0.3703910153720232,5.992234191455911,179,False,2025w33-Fri,Z4 (Threshold),Z2 (Aerobic),mixed
2025-08-15 16:56:06+00:00,34.603562,-98.422376,341.4,179,162,,1.0,2.4480033063949036,2.4480033063949036,2.7222614710032857,367.3416424732527,34.60354,-98.422377,2.4480033063949036,2025-08-15 16:56:05+00:00,1.0,0.37283901867841807,6.8082832880420066,179,False,2025w33-Fri,Z4 (Threshold),Z2 (Aerobic),mixed
2025-08-15 16:56:07+00:00,34.603587,-98.422373,341.4,179,164,,1.0,2.793404236162164,2.793404236162164,2.6539143273633257,376.80191469990064,34.603562,-98.422376,2.793404236162164,2025-08-15 16:56:06+00:00,1.0,0.37563242291458027,5.966447599756721,179,False,2025w33-Fri,Z4 (Threshold),Z2 (Aerobic),mixed
2025-08-15 16:56:08+00:00,34.60361,-98.422371,341.4,179,162,,1.0,2.564029268025418,2.564029268025418,2.634191671314224,379.62309686488766,34.603587,-98.422373,2.564029268025418,2025-08-15 16:56:07+00:00,1.0,0.37819645218260567,6.500198811238677,179,False,2025w33-Fri,Z4 (Threshold),Z2 (Aerobic),mixed
2025-08-15 16:56:09+00:00,34.603634,-98.422374,341.4,179,162,,1.0,2.6827698735309653,2.6827698735309653,2.686117755752658,372.28449789975684,34.60361,-98.422371,2.6827698735309653,2025-08-15 16:56:08+00:00,1.0,0.38087922205613667,6.212497077903998,179,False,2025w33-Fri,Z4 (Threshold),Z2 (Aerobic),mixed
2025-08-15 16:56:10+00:00,34.603658,-98.422377,341.4,179,162,,1.0,2.682769865171042,2.682769865171042,2.666172172939784,375.0695510775572,34.603634,-98.422374,2.682769865171042,2025-08-15 16:56:09+00:00,1.0,0.3835619919213077,6.2124970972630935,179,False,2025w33-Fri,Z4 (Threshold),Z2 (Aerobic),mixed
2025-08-15 16:56:11+00:00,34.603682,-98.422382,341.4,179,162,,1.0,2.7076340872482456,2.7076340872482456,2.6883567649118922,371.97443920088256,34.603658,-98.422377,2.7076340872482456,2025-08-15 16:56:10+00:00,1.0,0.38626962600855597,6.155447694536258,179,False,2025w33-Fri,Z4 (Threshold),Z2 (Aerobic),mixed
2025-08-15 16:56:12+00:00,34.603706,-98.422386,341.4,179,162,,1.0,2.6936761842769514,2.6936761842769514,2.7547620303110056,363.00776219392804,34.603682,-98.422382,2.6936761842769514,2025-08-15 16:56:11+00:00,1.0,0.3889633021928329,6.187343563151318,179,False,2025w33-Fri,Z4 (Threshold),Z2 (Aerobic),mixed
2025-08-15 16:56:13+00:00,34.60373,-98.422388,341.4,179,162,,1.0,2.6749523811948888,2.6749523811948888,2.7569432819308886,362.72055597009853,34.603706,-98.422386,2.6749523811948888,2025-08-15 16:56:12+00:00,1.0,0.39163825457402784,6.230652970560568,179,False,2025w33-Fri,Z4 (Threshold),Z2 (Aerobic),mixed
2025-08-15 16:56:14+00:00,34.603757,-98.422391,341.4,179,162,,1.0,3.014796658305692,3.014796658305692,2.782136071865712,359.436049915918,34.60373,-98.422388,3.014796658305692,2025-08-15 16:56:13+00:00,1.0,0.3946530512323335,5.52829987856184,179,False,2025w33-Fri,Z4 (Threshold),Z2 (Aerobic),mixed
2025-08-15 16:56:15+00:00,34.603781,-98.422395,341.4,180,162,,1.0,2.6936761391814477,2.6936761391814477,2.8356425301980375,352.65375989764175,34.603757,-98.422391,2.6936761391814477,2025-08-15 16:56:14+00:00,1.0,0.39734672737151494,6.187343666735179,180,False,2025w33-Fri,Z4 (Threshold),Z2 (Aerobic),mixed
2025-08-15 16:56:16+00:00,34.603806,-98.422401,341.4,180,162,,1.0,2.8335982100489066,2.8335982100489066,2.9497263929930715,339.01449381049383,34.603781,-98.422395,2.8335982100489066,2025-08-15 16:56:15+00:00,1.0,0.40018032558156386,5.881814839130753,180,False,2025w33-Fri,Z4 (Threshold),Z3 (Tempo),mixed
2025-08-15 16:56:17+00:00,34.603832,-98.422408,341.3,180,164,,1.0,2.961208846036299,2.961208846036299,3.014188518209196,331.7642522884152,34.603806,-98.422401,2.961208846036299,2025-08-15 16:56:16+00:00,1.0,0.40314153442760015,5.628343310641217,180,False,2025w33-Fri,Z4 (Threshold),Z3 (Tempo),mixed
2025-08-15 16:56:18+00:00,34.603861,-98.422412,341.3,180,164,,1.0,3.245372482886992,3.245372482886992,3.14287465866776,318.18004489682454,34.603832,-98.422408,3.245372482886992,2025-08-15 16:56:17+00:00,1.0,0.4063869069104871,5.1355276128963085,180,False,2025w33-Fri,Z4 (Threshold),Z3 (Tempo),mixed
2025-08-15 16:56:19+00:00,34.603891,-98.422413,341.3,180,164,,1.0,3.3371077295871183,3.3371077295871183,3.2435764232680357,308.3016613471555,34.603861,-98.422412,3.3371077295871183,2025-08-15 16:56:18+00:00,1.0,0.40972401464007424,4.994354797788346,180,False,2025w33-Fri,Z4 (Threshold),Z4 (Threshold),Z4 (Threshold)
2025-08-15 16:56:20+00:00,34.603921,-98.422414,341.2,181,164,,1.0,3.3371077300305414,3.3371077300305414,3.3446212853605233,298.98751298899543,34.603891,-98.422413,3.3371077300305414,2025-08-15 16:56:19+00:00,1.0,0.4130611223701048,4.994354797124714,181,False,2025w33-Fri,Z4 (Threshold),Z4 (Threshold),Z4 (Threshold)
2025-08-15 16:56:21+00:00,34.603951,-98.422415,341.1,181,164,,1.0,3.337107729155653,3.337107729155653,3.4296624481939544,291.5738837583261,34.603921,-98.422414,3.337107729155653,2025-08-15 16:56:20+00:00,1.0,0.41639823009926047,4.994354798434083,181,False,2025w33-Fri,Z4 (Threshold),Z4 (Threshold),Z4 (Threshold)
2025-08-15 16:56:22+00:00,34.603982,-98.422419,341.1,181,164,,1.0,3.466433854408962,3.466433854408962,3.453834003872317,289.5333125097602,34.603951,-98.422415,3.466433854408962,2025-08-15 16:56:21+00:00,1.0,0.41986466395366945,4.808024817436398,181,False,2025w33-Fri,Z4 (Threshold),Z4 (Threshold),Z4 (Threshold)
2025-08-15 16:56:23+00:00,34.604015,-98.42242,341.0,181,164,,1.0,3.6705788837006046,3.6705788837006046,3.396827767715659,294.3923178867831,34.603982,-98.422419,3.6705788837006046,2025-08-15 16:56:22+00:00,1.0,0.42353524283737004,4.540618939974112,181,False,2025w33-Fri,Z4 (Threshold),Z4 (Threshold),Z4 (Threshold)
2025-08-15 16:56:24+00:00,34.604046,-98.422417,340.9,181,164,,1.0,3.4579656754846355,3.4579656754846355,3.3836225771238864,295.54123641355125,34.604015,-98.42242,3.4579656754846355,2025-08-15 16:56:23+00:00,1.0,0.42699320851285466,4.8197991432243334,181,False,2025w33-Fri,Z4 (Threshold),Z4 (Threshold),Z4 (Threshold)
2025-08-15 16:56:25+00:00,34.604073,-98.422411,340.9,181,164,,1.0,3.052076155587988,3.052076155587988,3.3083881850074848,302.261991060078,34.604046,-98.422417,3.052076155587988,2025-08-15 16:56:24+00:00,1.0,0.43004528466844266,5.4607746171357014,181,False,2025w33-Fri,Z4 (Threshold),Z4 (Threshold),Z4 (Threshold)
2025-08-15 16:56:26+00:00,34.604102,-98.422405,340.8,181,164,,1.0,3.2710816843383608,3.2710816843383608,3.1816612524152017,314.3012158321063,34.604073,-98.422411,3.2710816843383608,2025-08-15 16:56:25+00:00,1.0,0.43331636635278103,5.095164721748965,181,False,2025w33-Fri,Z4 (Threshold),Z3 (Tempo),mixed
2025-08-15 16:56:27+00:00,34.604129,-98.422397,340.9,181,164,,1.0,3.090261374259016,3.090261374259016,3.082309906861746,324.43201047819036,34.604102,-98.422405,3.090261374259016,2025-08-15 16:56:26+00:00,1.0,0.43640662772704003,5.393297841674102,181,False,2025w33-Fri,Z4 (Threshold),Z3 (Tempo),mixed
2025-08-15 16:56:28+00:00,34.604156,-98.422392,341.0,181,166,,1.0,3.0369433463240627,3.0369433463240627,3.05472657144667,327.36154173249486,34.604129,-98.422397,3.0369433463240627,2025-08-15 16:56:27+00:00,1.0,0.43944357107336407,5.487985154604049,181,False,2025w33-Fri,Z4 (Threshold),Z3 (Tempo),mixed
2025-08-15 16:56:29+00:00,34.604182,-98.422385,341.1,181,166,,1.0,2.961208260886111,2.961208260886111,2.9798825643943037,335.58369445450336,34.604156,-98.422392,2.961208260886111,2025-08-15 16:56:28+00:00,1.0,0.44240477933425015,5.6283444228311925,181,False,2025w33-Fri,Z4 (Threshold),Z3 (Tempo),mixed
2025-08-15 16:56:30+00:00,34.604208,-98.422381,341.2,181,166,,1.0,2.9141592882325296,2.9141592882325296,2.9285498865253436,341.46592639624686,34.604182,-98.422385,2.9141592882325296,2025-08-15 16:56:29+00:00,1.0,0.44531893862248273,5.719213794283887,181,False,2025w33-Fri,Z4 (Threshold),Z3 (Tempo),mixed
2025-08-15 16:56:31+00:00,34.604234,-98.422379,341.3,181,166,,1.0,2.896861132233155,2.896861132233155,2.85771524599374,349.9298964100465,34.604208,-98.422381,2.896861132233155,2025-08-15 16:56:30+00:00,1.0,0.44821579975471587,5.7533651905336045,181,False,2025w33-Fri,Z4 (Threshold),Z2 (Aerobic),mixed
2025-08-15 16:56:32+00:00,34.604259,-98.422373,341.3,181,166,,1.0,2.8335976304249697,2.8335976304249697,2.8226530647310364,354.27662453277355,34.604234,-98.422379,2.8335976304249697,2025-08-15 16:56:31+00:00,1.0,0.4510493973851408,5.881816042279936,181,False,2025w33-Fri,Z4 (Threshold),Z2 (Aerobic),mixed
2025-08-15 16:56:33+00:00,34.604283,-98.42237,341.4,181,166,,1.0,2.682769654374316,2.682769654374316,2.773871453920054,360.5069725155407,34.604259,-98.422373,2.682769654374316,2025-08-15 16:56:32+00:00,1.0,0.4537321670395152,6.212497585405654,181,False,2025w33-Fri,Z4 (Threshold),Z2 (Aerobic),mixed
2025-08-15 16:56:34+00:00,34.604308,-98.422368,341.4,180,164,,1.0,2.785897112541637,2.785897112541637,2.750474660896057,363.5736093908305,34.604283,-98.42237,2.785897112541637,2025-08-15 16:56:33+00:00,1.0,0.4565180641520568,5.982525314725134,180,False,2025w33-Fri,Z4 (Threshold),Z2 (Aerobic),mixed
2025-08-15 16:56:35+00:00,34.604332,-98.422367,341.4,180,164,,1.0,2.6702508972173318,2.6702508972173318,2.7397305508863257,364.9993973591643,34.604308,-98.422368,2.6702508972173318,2025-08-15 16:56:34+00:00,1.0,0.45918831504927415,6.241623218765085,180,False,2025w33-Fri,Z4 (Threshold),Z2 (Aerobic),mixed
2025-08-15 16:56:36+00:00,34.604357,-98.422367,341.4,180,164,,1.0,2.779877005512781,2.779877005512781,2.7419117699459035,364.70903657841967,34.604332,-98.422367,2.779877005512781,2025-08-15 16:56:35+00:00,1.0,0.46196819205478695,5.9954810831372125,180,False,2025w33-Fri,Z4 (Threshold),Z2 (Aerobic),mixed
2025-08-15 16:56:37+00:00,34.604382,-98.422367,341.4,180,164,,1.0,2.779877006220105,2.779877006220105,2.770145433009521,360.99187720753974,34.604357,-98.422367,2.779877006220105,2025-08-15 16:56:36+00:00,1.0,0.464748069061007,5.995481081611697,180,False,2025w33-Fri,Z4 (Threshold),Z2 (Aerobic),mixed
2025-08-15 16:56:38+00:00,34.604406,-98.422371,341.4,179,164,,1.0,2.6936757641600853,2.6936757641600853,2.7284258051688495,366.51170726561674,34.604382,-98.422367,2.6936757641600853,2025-08-15 16:56:37+00:00,1.0,0.4674417448251671,6.1873445281551325,179,False,2025w33-Fri,Z4 (Threshold),Z2 (Aerobic),mixed
2025-08-15 16:56:39+00:00,34.604432,-98.422376,341.5,180,164,,1.0,2.927065623560462,2.927065623560462,2.6701957413571646,374.5043797769432,34.604406,-98.422371,2.927065623560462,2025-08-15 16:56:38+00:00,1.0,0.4703688104487276,5.693996016299335,180,False,2025w33-Fri,Z4 (Threshold),Z2 (Aerobic),mixed
2025-08-15 16:56:40+00:00,34.604454,-98.422379,341.5,180,164,,1.0,2.4616524691450765,2.4616524691450765,2.619979119618711,381.6824311735474,34.604432,-98.422376,2.4616524691450765,2025-08-15 16:56:39+00:00,1.0,0.4728304629178726,6.7705332937546165,180,False,2025w33-Fri,Z4 (Threshold),Z2 (Aerobic),mixed
2025-08-15 16:56:41+00:00,34.604476,-98.422384,341.5,179,166,,1.0,2.4887262851625223,2.4887262851625223,2.5539681662615346,391.5475585053149,34.604454,-98.422379,2.4887262851625223,2025-08-15 16:56:40+00:00,1.0,0.4753191892030351,6.69687948384071,179,False,2025w33-Fri,Z4 (Threshold),Z2 (Aerobic),mixed
2025-08-15 16:56:42+00:00,34.604498,-98.422391,341.5,179,166,,1.0,2.5287935501630407,2.5287935501630407,2.4608856576646776,406.35776671922923,34.604476,-98.422384,2.5287935501630407,2025-08-15 16:56:41+00:00,1.0,0.4778479827531982,6.590771318174801,179,False,2025w33-Fri,Z4 (Threshold),Z1 (Recovery),mixed
2025-08-15 16:56:43+00:00,34.604519,-98.422395,341.5,179,164,,1.0,2.3636205421634626,2.3636205421634626,2.4803799332148695,403.1640421731199,34.604498,-98.422391,2.3636205421634626,2025-08-15 16:56:42+00:00,1.0,0.4802116032953616,7.051343353423676,179,False,2025w33-Fri,Z4 (Threshold),Z2 (Aerobic),mixed
2025-08-15 16:56:44+00:00,34.604541,-98.422398,341.5,179,164,,1.0,2.4616524370594886,2.4616524370594886,2.5434105330994288,393.1728625741707,34.604519,-98.422395,2.4616524370594886,2025-08-15 16:56:43+00:00,1.0,0.48267325573242115,6.770533382002875,179,False,2025w33-Fri,Z4 (Threshold),Z2 (Aerobic),mixed
2025-08-15 16:56:45+00:00,34.604564,-98.422399,341.5,179,164,,1.0,2.559123982179864,2.559123982179864,2.6043711738065607,383.9698465631515,34.604541,-98.422398,2.559123982179864,2025-08-15 16:56:44+00:00,1.0,0.485232379714601,6.512658283090797,179,False,2025w33-Fri,Z4 (Threshold),Z2 (Aerobic),mixed
2025-08-15 16:56:46+00:00,34.604589,-98.422395,341.5,179,164,,1.0,2.8038797198058014,2.8038797198058014,2.6731736098438312,374.08718847049397,34.604564,-98.422399,2.8038797198058014,2025-08-15 16:56:45+00:00,1.0,0.4880362594344068,5.944156549323858,179,False,2025w33-Fri,Z4 (Threshold),Z2 (Aerobic),mixed
2025-08-15 16:56:47+00:00,34.604614,-98.422389,341.5,179,162,,1.0,2.8335971747772213,2.8335971747772213,2.738022445093888,365.2271009654596,34.604589,-98.422395,2.8335971747772213,2025-08-15 16:56:46+00:00,1.0,0.49086985660918403,5.881816988087004,179,False,2025w33-Fri,Z4 (Threshold),Z2 (Aerobic),mixed
2025-08-15 16:56:48+00:00,34.604638,-98.422384,341.5,179,162,,1.0,2.7076331973570475,2.7076331973570475,2.762751517888526,361.95799496447836,34.604614,-98.422389,2.7076331973570475,2025-08-15 16:56:47+00:00,1.0,0.49357748980654104,6.155449717586769,179,False,2025w33-Fri,Z4 (Threshold),Z2 (Aerobic),mixed
2025-08-15 16:56:49+00:00,34.604663,-98.422382,341.5,179,162,,1.0,2.78589706112565,2.78589706112565,2.716412339000084,368.1326231819804,34.604638,-98.422384,2.78589706112565,2025-08-15 16:56:48+00:00,1.0,0.4963633868676667,5.982525425137484,179,False,2025w33-Fri,Z4 (Threshold),Z2 (Aerobic),mixed
2025-08-15 16:56:50+00:00,34.604687,-98.422379,341.5,179,164,,1.0,2.6827695170751182,2.6827695170751182,2.6615177748754153,375.72546365834796,34.604663,-98.422382,2.6827695170751182,2025-08-15 16:56:49+00:00,1.0,0.4990461563847418,6.212497903349827,179,False,2025w33-Fri,Z4 (Threshold),Z2 (Aerobic),mixed
2025-08-15 16:56:51+00:00,34.60471,-98.422376,341.5,180,164,,1.0,2.572183504542278,2.572183504542278,2.6314885459611532,380.0130544116616,34.604687,-98.422379,2.572183504542278,2025-08-15 16:56:50+00:00,1.0,0.5016183398892842,6.479592132741653,180,False,2025w33-Fri,Z4 (Threshold),Z2 (Aerobic),mixed
2025-08-15 16:56:52+00:00,34.604733,-98.422377,341.5,180,164,,1.0,2.5591239754767336,2.5591239754767336,2.6525235217748553,376.99948437436683,34.60471,-98.422376,2.5591239754767336,2025-08-15 16:56:51+00:00,1.0,0.5041774638647608,6.512658300149447,180,False,2025w33-Fri,Z4 (Threshold),Z2 (Aerobic),mixed
2025-08-15 16:56:53+00:00,34.604756,-98.422377,341.4,180,164,,1.0,2.5574868448737074,2.5574868448737074,2.671944992803912,374.2592017025808,34.604733,-98.422377,2.5574868448737074,2025-08-15 16:56:52+00:00,1.0,0.5067349507096346,6.51682726478424,180,False,2025w33-Fri,Z4 (Threshold),Z2 (Aerobic),mixed
2025-08-15 16:56:54+00:00,34.604782,-98.422377,341.4,179,166,,1.0,2.891072086185979,2.891072086185979,2.6693330895408813,374.6254088402274,34.604756,-98.422377,2.891072086185979,2025-08-15 16:56:53+00:00,1.0,0.5096260227958206,5.7648856559600326,179,False,2025w33-Fri,Z4 (Threshold),Z2 (Aerobic),mixed
2025-08-15 16:56:55+00:00,34.604807,-98.422377,341.4,180,166,,1.0,2.779877006220105,2.779877006220105,2.738324402937256,365.18682699805504,34.604782,-98.422377,2.779877006220105,2025-08-15 16:56:54+00:00,1.0,0.5124058998020408,5.995481081611697,180,False,2025w33-Fri,Z4 (Threshold),Z2 (Aerobic),mixed
2025-08-15 16:56:56+00:00,34.60483,-98.422378,341.4,180,166,,1.0,2.559123970281169,2.559123970281169,2.7831036187341414,359.3110918575274,34.604807,-98.422377,2.559123970281169,2025-08-15 16:56:55+00:00,1.0,0.5149650237723219,6.512658313371525,180,False,2025w33-Fri,Z4 (Threshold),Z2 (Aerobic),mixed
2025-08-15 16:56:57+00:00,34.604856,-98.422381,341.4,180,166,,1.0,2.9040810189265356,2.9040810189265356,2.741443147861726,364.7713799135252,34.60483,-98.422378,2.9040810189265356,2025-08-15 16:56:56+00:00,1.0,0.5178691047912484,5.7390616485488675,180,False,2025w33-Fri,Z4 (Threshold),Z2 (Aerobic),mixed
2025-08-15 16:56:58+00:00,34.604881,-98.42238,341.4,180,166,,1.0,2.781383233041395,2.781383233041395,2.720458215656692,367.5851348294316,34.604856,-98.422381,2.781383233041395,2025-08-15 16:56:57+00:00,1.0,0.5206504880242897,5.992234296233693,180,False,2025w33-Fri,Z4 (Threshold),Z2 (Aerobic),mixed
2025-08-15 16:56:59+00:00,34.604905,-98.422377,341.4,180,168,,1.0,2.682769444125765,2.682769444125765,2.7063786017078257,369.4974529317379,34.604881,-98.42238,2.682769444125765,2025-08-15 16:56:58+00:00,1.0,0.5233332574684154,6.212498072278881,180,False,2025w33-Fri,Z4 (Threshold),Z2 (Aerobic),mixed
2025-08-15 16:57:00+00:00,34.604929,-98.422375,341.4,180,166,,1.0,2.6749521996314667,2.6749521996314667,2.7049346057935466,369.69470458108543,34.604905,-98.422377,2.6749521996314667,2025-08-15 16:56:59+00:00,1.0,0.526008209668047,6.230653393468565,180,False,2025w33-Fri,Z4 (Threshold),Z2 (Aerobic),mixed
2025-08-15 16:57:01+00:00,34.604951,-98.42237,341.4,180,168,,1.0,2.4887258038438085,2.4887258038438085,2.682394375427442,372.80125889044524,34.604929,-98.422375,2.4887258038438085,2025-08-15 16:57:00+00:00,1.0,0.5284969354718908,6.696880779014896,180,False,2025w33-Fri,Z4 (Threshold),Z2 (Aerobic),mixed
2025-08-15 16:57:02+00:00,34.604977,-98.422368,341.4,180,168,,1.0,2.8968610287435514,2.8968610287435514,2.7252126319767696,366.9438444055048,34.604951,-98.42237,2.8968610287435514,2025-08-15 16:57:01+00:00,1.0,0.5313937965006342,5.753365396071073,180,False,2025w33-Fri,Z4 (Threshold),Z2 (Aerobic),mixed
2025-08-15 16:57:03+00:00,34.605001,-98.422368,341.4,180,166,,1.0,2.66868192625423,2.66868192625423,2.7489029113402323,363.7814911085558,34.604977,-98.422368,2.66868192625423,2025-08-15 16:57:02+00:00,1.0,0.5340624784268885,6.245292792683401,180,False,2025w33-Fri,Z4 (Threshold),Z2 (Aerobic),mixed
2025-08-15 16:57:04+00:00,34.605027,-98.422366,341.4,179,166,,1.0,2.8968610225586926,2.8968610225586926,2.8074343150393553,356.1971137287256,34.605001,-98.422368,2.8968610225586926,2025-08-15 16:57:03+00:00,1.0,0.5369593394494472,5.753365408354628,179,False,2025w33-Fri,Z4 (Threshold),Z2 (Aerobic),mixed
2025-08-15 16:57:05+00:00,34.605052,-98.422369,341.4,180,166,,1.0,2.79340375992343,2.79340375992343,2.739886994506123,364.9785564167965,34.605027,-98.422366,2.79340375992343,2025-08-15 16:57:04+00:00,1.0,0.5397527432093706,5.966448616957847,180,False,2025w33-Fri,Z4 (Threshold),Z2 (Aerobic),mixed
2025-08-15 16:57:06+00:00,34.605077,-98.42237,341.4,180,166,,1.0,2.781383226678232,2.781383226678232,2.7624272231023785,362.000486976427,34.605052,-98.422369,2.781383226678232,2025-08-15 16:57:05+00:00,1.0,0.5425341264360488,5.992234309942543,180,False,2025w33-Fri,Z4 (Threshold),Z2 (Aerobic),mixed
2025-08-15 16:57:07+00:00,34.6051,-98.422371,341.4,180,166,,1.0,2.5591239595968687,2.5591239595968687,2.762427219631628,362.0004874312492,34.605077,-98.42237,2.5591239595968687,2025-08-15 16:57:06+00:00,1.0,0.5450932503956457,6.512658340561766,180,False,2025w33-Fri,Z4 (Threshold),Z2 (Aerobic),mixed
2025-08-15 16:57:08+00:00,34.605125,-98.42237,341.3,179,166,,1.0,2.7813832248990775,2.7813832248990775,2.7403003685996814,364.92349943046906,34.6051,-98.422371,2.7813832248990775,2025-08-15 16:57:07+00:00,1.0,0.5478746336205448,5.992234313775567,179,False,2025w33-Fri,Z4 (Threshold),Z2 (Aerobic),mixed
2025-08-15 16:57:09+00:00,34.605151,-98.422372,341.3,179,166,,1.0,2.896861005213525,2.896861005213525,2.7227588054301153,367.27454448247744,34.605125,-98.42237,2.896861005213525,2025-08-15 16:57:08+00:00,1.0,0.5507714946257583,5.753365442803325,179,False,2025w33-Fri,Z4 (Threshold),Z2 (Aerobic),mixed
2025-08-15 16:57:10+00:00,34.605175,-98.422375,341.3,180,166,,1.0,2.6827693519335325,2.6827693519335325,2.723739814739184,367.14226321788254,34.605151,-98.422372,2.6827693519335325,2025-08-15 16:57:09+00:00,1.0,0.5534542639776918,6.212498285768746,180,False,2025w33-Fri,Z4 (Threshold),Z2 (Aerobic),mixed
2025-08-15 16:57:11+00:00,34.605199,-98.422379,341.3,180,164,,1.0,2.693675289717536,2.693675289717536,2.704017062710192,369.820151577637,34.605175,-98.422375,2.693675289717536,2025-08-15 16:57:10+00:00,1.0,0.5561479392674094,6.187345617944804,180,False,2025w33-Fri,Z4 (Threshold),Z2 (Aerobic),mixed
2025-08-15 16:57:12+00:00,34.605222,-98.422381,341.3,179,164,,1.0,2.564029012940017,2.564029012940017,2.658695096611142,376.1243631413892,34.605199,-98.422379,2.564029012940017,2025-08-15 16:57:11+00:00,1.0,0.5587119682803494,6.500199457918497,179,False,2025w33-Fri,Z4 (Threshold),Z2 (Aerobic),mixed
2025-08-15 16:57:13+00:00,34.605246,-98.422384,341.3,179,164,,1.0,2.6827693286103056,2.6827693286103056,2.6793205916537297,373.2289458436104,34.605222,-98.422381,2.6827693286103056,2025-08-15 16:57:12+00:00,1.0,0.5613947376089597,6.212498339778423,179,False,2025w33-Fri,Z4 (Threshold),Z2 (Aerobic),mixed
2025-08-15 16:57:14+00:00,34.60527,-98.422385,341.3,179,164,,1.0,2.6702508610758255,2.6702508610758255,2.6771393975054085,373.5330334056614,34.605246,-98.422384,2.6702508610758255,2025-08-15 16:57:13+00:00,1.0,0.5640649884700356,6.241623303244663,179,False,2025w33-Fri,Z4 (Threshold),Z2 (Aerobic),mixed
2025-08-15 16:57:15+00:00,34.605295,-98.422383,341.3,179,164,,1.0,2.785896970448914,2.785896970448914,2.6761583862885407,373.6699610619313,34.60527,-98.422385,2.785896970448914,2025-08-15 16:57:14+00:00,1.0,0.5668508854404845,5.982525619859646,179,False,2025w33-Fri,Z4 (Threshold),Z2 (Aerobic),mixed
2025-08-15 16:57:16+00:00,34.605319,-98.42238,341.3,179,164,,1.0,2.6827693030838544,2.6827693030838544,2.6514293446977955,377.15506241935253,34.605295,-98.422383,2.6827693030838544,2025-08-15 16:57:15+00:00,1.0,0.5695336547435684,6.212498398890117,179,False,2025w33-Fri,Z4 (Threshold),Z2 (Aerobic),mixed
2025-08-15 16:57:17+00:00,34.605342,-98.422379,341.3,179,164,,1.0,2.559123950806375,2.559123950806375,2.6523695973930734,377.0213627025687,34.605319,-98.42238,2.559123950806375,2025-08-15 16:57:16+00:00,1.0,0.5720927786943747,6.5126583629325,179,False,2025w33-Fri,Z4 (Threshold),Z2 (Aerobic),mixed
2025-08-15 16:57:18+00:00,34.605365,-98.42238,341.3,179,164,,1.0,2.559123949192902,2.559123949192902,2.589896912068466,386.11575439168064,34.605342,-98.422379,2.559123949192902,2025-08-15 16:57:17+00:00,1.0,0.5746519026435676,6.5126583670385925,179,False,2025w33-Fri,Z4 (Threshold),Z2 (Aerobic),mixed
2025-08-15 16:57:19+00:00,34.605389,-98.422382,341.3,179,164,,1.0,2.674952131655404,2.674952131655404,2.5510881680043607,391.98958802833926,34.605365,-98.42238,2.674952131655404,2025-08-15 16:57:18+00:00,1.0,0.577326854775223,6.230653551802345,179,False,2025w33-Fri,Z4 (Threshold),Z2 (Aerobic),mixed
2025-08-15 16:57:20+00:00,34.605411,-98.422386,341.3,179,164,,1.0,2.4735331117111725,2.4735331117111725,2.566565278257127,389.62578059930286,34.605389,-98.422382,2.4735331117111725,2025-08-15 16:57:19+00:00,1.0,0.5798003878869342,6.7380137023797895,179,False,2025w33-Fri,Z4 (Threshold),Z2 (Aerobic),mixed
2025-08-15 16:57:21+00:00,34.605433,-98.422391,341.3,179,164,,1.0,2.488725315642883,2.488725315642883,2.5128797925876536,397.94979566859575,34.605411,-98.422386,2.488725315642883,2025-08-15 16:57:20+00:00,1.0,0.5822891132025771,6.696882092708848,179,False,2025w33-Fri,Z4 (Threshold),Z2 (Aerobic),mixed
2025-08-15 16:57:22+00:00,34.605456,-98.422398,341.3,179,164,,1.0,2.636509608772065,2.636509608772065,2.4230463052672313,412.7036275890372,34.605433,-98.422391,2.636509608772065,2025-08-15 16:57:21+00:00,1.0,0.5849256228113492,6.321501709892266,179,False,2025w33-Fri,Z4 (Threshold),Z1 (Recovery),mixed
2025-08-15 16:57:23+00:00,34.605476,-98.422404,341.3,179,162,,1.0,2.2906961500116005,2.2906961500116005,2.395359058015679,417.4739468196481,34.605456,-98.422398,2.2906961500116005,2025-08-15 16:57:22+00:00,1.0,0.5872163189613608,7.275823116005847,179,False,2025w33-Fri,Z4 (Threshold),Z1 (Recovery),mixed
2025-08-15 16:57:24+00:00,34.605496,-98.422405,341.3,179,162,,1.0,2.225784074773231,2.225784074773231,2.387214651285587,418.8982333287331,34.605476,-98.422404,2.225784074773231,2025-08-15 16:57:23+00:00,1.0,0.5894421030361341,7.488012960870001,179,False,2025w33-Fri,Z4 (Threshold),Z1 (Recovery),mixed
2025-08-15 16:57:25+00:00,34.605517,-98.422405,341.3,178,162,,1.0,2.3350966842346343,2.3350966842346343,2.3269321497406565,429.75039049224233,34.605496,-98.422405,2.3350966842346343,2025-08-15 16:57:24+00:00,1.0,0.5917771997203687,7.1374774811359805,178,False,2025w33-Fri,Z4 (Threshold),Z1 (Recovery),mixed
2025-08-15 16:57:26+00:00,34.605539,-98.422404,341.3,178,162,,1.0,2.448003224973643,2.448003224973643,2.3802902151608487,420.1168385395496,34.605517,-98.422405,2.448003224973643,2025-08-15 16:57:25+00:00,1.0,0.5942252029453423,6.808283514487381,178,False,2025w33-Fri,Z4 (Threshold),Z1 (Recovery),mixed
2025-08-15 16:57:27+00:00,34.60556,-98.422404,341.3,178,160,,1.0,2.3350966849419583,2.3350966849419583,2.446630677702573,408.7253581480539,34.605539,-98.422404,2.3350966849419583,2025-08-15 16:57:26+00:00,1.0,0.5965602996302842,7.137477478973968,178,False,2025w33-Fri,Z4 (Threshold),Z1 (Recovery),mixed
2025-08-15 16:57:28+00:00,34.605583,-98.422404,341.3,178,160,,1.0,2.5574868462883558,2.5574868462883558,2.4702373935249247,404.81939210427146,34.60556,-98.422404,2.5574868462883558,2025-08-15 16:57:27+00:00,1.0,0.5991177864765727,6.516827261179522,178,False,2025w33-Fri,Z4 (Threshold),Z2 (Aerobic),mixed
2025-08-15 16:57:29+00:00,34.605606,-98.422404,341.3,177,160,,1.0,2.5574868448737074,2.5574868448737074,2.447656116558261,408.55412377378263,34.605583,-98.422404,2.5574868448737074,2025-08-15 16:57:28+00:00,1.0,0.6016752733214463,6.51682726478424,177,False,2025w33-Fri,Z4 (Threshold),Z1 (Recovery),mixed
2025-08-15 16:57:30+00:00,34.605628,-98.422402,341.3,177,160,,1.0,2.453130427019638,2.453130427019638,2.425417131285497,412.3002130647891,34.605606,-98.422404,2.453130427019638,2025-08-15 16:57:29+00:00,1.0,0.604128403748466,6.794053759403546,177,False,2025w33-Fri,Z4 (Threshold),Z1 (Recovery),mixed
2025-08-15 16:57:31+00:00,34.605649,-98.422402,341.3,177,160,,1.0,2.3350966842346343,2.3350966842346343,2.4306309204773693,411.4158145423423,34.605628,-98.422402,2.3350966842346343,2025-08-15 16:57:30+00:00,1.0,0.6064635004327006,7.1374774811359805,177,False,2025w33-Fri,Z4 (Threshold),Z1 (Recovery),mixed
2025-08-15 16:57:32+00:00,34.605669,-98.422402,341.3,176,160,,1.0,2.2239016042687596,2.2239016042687596,2.409759662786482,414.97914312486586,34.605649,-98.422402,2.2239016042687596,2025-08-15 16:57:31+00:00,1.0,0.6086874020369694,7.4943513543982405,176,False,2025w33-Fri,Z4 (Threshold),Z1 (Recovery),mixed
2025-08-15 16:57:33+00:00,34.605692,-98.422406,341.3,176,160,,1.0,2.5835558283410527,2.5835558283410527,2.4097596592336528,414.9791437366904,34.605669,-98.422402,2.5835558283410527,2025-08-15 16:57:32+00:00,1.0,0.6112709578653105,6.451070194485398,176,False,2025w33-Fri,Z4 (Threshold),Z1 (Recovery),mixed
2025-08-15 16:57:34+00:00,34.605714,-98.422408,341.3,176,160,,1.0,2.4531304129609794,2.4531304129609794,2.4764766152099615,403.79949233448247,34.605692,-98.422406,2.4531304129609794,2025-08-15 16:57:33+00:00,1.0,0.6137240882782714,6.794053798339626,176,False,2025w33-Fri,Z4 (Threshold),Z2 (Aerobic),mixed
2025-08-15 16:57:35+00:00,34.605736,-98.42241,341.3,176,160,,1.0,2.4531304085501167,2.4531304085501167,2.6099105273205963,383.1548972778874,34.605714,-98.422408,2.4531304085501167,2025-08-15 16:57:34+00:00,1.0,0.6161772186868215,6.794053810555707,176,False,2025w33-Fri,Z4 (Threshold),Z2 (Aerobic),mixed
2025-08-15 16:57:36+00:00,34.60576,-98.42241,341.3,176,160,,1.0,2.668681925546906,2.668681925546906,2.627249505965287,380.62620155773385,34.605736,-98.42241,2.668681925546906,2025-08-15 16:57:35+00:00,1.0,0.6188459006123685,6.245292794338692,176,False,2025w33-Fri,Z4 (Threshold),Z2 (Aerobic),mixed
2025-08-15 16:57:37+00:00,34.605786,-98.42241,341.4,176,160,,1.0,2.891072086185979,2.891072086185979,2.6938027098694484,371.2224344924145,34.60576,-98.42241,2.891072086185979,2025-08-15 16:57:36+00:00,1.0,0.6217369726985545,5.7648856559600326,176,False,2025w33-Fri,Z4 (Threshold),Z2 (Aerobic),mixed
2025-08-15 16:57:38+00:00,34.60581,-98.422409,341.4,176,160,,1.0,2.6702508413032686,2.6702508413032686,2.737226736094674,365.33327210837695,34.605786,-98.42241,2.6702508413032686,2025-08-15 16:57:37+00:00,1.0,0.6244072235398578,6.241623349462363,176,False,2025w33-Fri,Z4 (Threshold),Z2 (Aerobic),mixed
2025-08-15 16:57:39+00:00,34.605835,-98.422407,341.5,176,160,,1.0,2.785896891378753,2.785896891378753,2.7606696956157895,362.23094765306286,34.60581,-98.422409,2.785896891378753,2025-08-15 16:57:38+00:00,1.0,0.6271931204312365,5.9825257896574815,176,False,2025w33-Fri,Z4 (Threshold),Z2 (Aerobic),mixed
2025-08-15 16:57:40+00:00,34.605859,-98.422406,341.5,176,160,,1.0,2.670250840238908,2.670250840238908,2.6942801556159006,371.15665121743973,34.605835,-98.422407,2.670250840238908,2025-08-15 16:57:39+00:00,1.0,0.6298633712714755,6.24162335195027,176,False,2025w33-Fri,Z4 (Threshold),Z2 (Aerobic),mixed
2025-08-15 16:57:41+00:00,34.605884,-98.422404,341.5,176,160,,1.0,2.7858968842817684,2.7858968842817684,2.716205358324865,368.16067567760007,34.605859,-98.422406,2.7858968842817684,2025-08-15 16:57:40+00:00,1.0,0.6326492681557574,5.9825258048977785,176,False,2025w33-Fri,Z4 (Threshold),Z2 (Aerobic),mixed
2025-08-15 16:57:42+00:00,34.605907,-98.422403,341.4,176,160,,1.0,2.5591239284937912,2.5591239284937912,2.6708508278676177,374.4125241162909,34.605884,-98.422404,2.5591239284937912,2025-08-15 16:57:41+00:00,1.0,0.6352083920842512,6.512658419715305,176,False,2025w33-Fri,Z4 (Threshold),Z2 (Aerobic),mixed
2025-08-15 16:57:43+00:00,34.605932,-98.422403,341.4,176,160,,1.0,2.779877006220105,2.779877006220105,2.693980002089435,371.1980041516291,34.605907,-98.422403,2.779877006220105,2025-08-15 16:57:42+00:00,1.0,0.6379882690904712,5.995481081611697,176,False,2025w33-Fri,Z4 (Threshold),Z2 (Aerobic),mixed
2025-08-15 16:57:44+00:00,34.605955,-98.422404,341.3,176,162,,1.0,2.5591239258948675,2.5591239258948675,2.693077264948042,371.32243215431595,34.605932,-98.422403,2.5591239258948675,2025-08-15 16:57:43+00:00,1.0,0.6405473930163661,6.512658426329249,176,False,2025w33-Fri,Z4 (Threshold),Z2 (Aerobic),mixed
2025-08-15 16:57:45+00:00,34.60598,-98.422406,341.3,176,162,,1.0,2.785896871083255,2.785896871083255,2.715302615153541,368.28307622848644,34.605955,-98.422404,2.785896871083255,2025-08-15 16:57:44+00:00,1.0,0.6433332898874494,5.982525833240696,176,False,2025w33-Fri,Z4 (Threshold),Z2 (Aerobic),mixed
2025-08-15 16:57:46+00:00,34.606005,-98.422407,341.3,176,162,,1.0,2.7813831923531684,2.7813831923531684,2.6933774107665256,371.2810525560187,34.60598,-98.422406,2.7813831923531684,2025-08-15 16:57:45+00:00,1.0,0.6461146730798025,5.992234383892736,176,False,2025w33-Fri,Z4 (Threshold),Z2 (Aerobic),mixed
2025-08-15 16:57:47+00:00,34.606029,-98.422408,341.3,177,162,,1.0,2.6702508330300363,2.6702508330300363,2.6708110095797175,374.41810611577546,34.606005,-98.422407,2.6702508330300363,2025-08-15 16:57:46+00:00,1.0,0.6487849239128326,6.24162336880077,177,False,2025w33-Fri,Z4 (Threshold),Z2 (Aerobic),mixed
2025-08-15 16:57:48+00:00,34.606053,-98.422409,341.3,177,162,,1.0,2.670250832163288,2.670250832163288,2.6254564823532918,380.8861455984461,34.606029,-98.422408,2.670250832163288,2025-08-15 16:57:47+00:00,1.0,0.6514551747449959,6.241623370826766,177,False,2025w33-Fri,Z4 (Threshold),Z2 (Aerobic),mixed
2025-08-15 16:57:49+00:00,34.606075,-98.422409,341.3,177,160,,1.0,2.446291764907833,2.446291764907833,2.6485519857778583,377.56479969801615,34.606053,-98.422409,2.446291764907833,2025-08-15 16:57:48+00:00,1.0,0.6539014665099038,6.8130466852256015,177,False,2025w33-Fri,Z4 (Threshold),Z2 (Aerobic),mixed
2025-08-15 16:57:50+00:00,34.606098,-98.42241,341.3,178,160,,1.0,2.5591239209649927,2.5591239209649927,2.58187982240972,387.31469657122926,34.606075,-98.422409,2.5591239209649927,2025-08-15 16:57:49+00:00,1.0,0.6564605904308688,6.51265843887518,178,False,2025w33-Fri,Z4 (Threshold),Z2 (Aerobic),mixed
2025-08-15 16:57:51+00:00,34.606124,-98.422412,341.3,178,162,,1.0,2.8968608696862486,2.8968608696862486,2.5401600811988314,393.67597632982597,34.606098,-98.42241,2.8968608696862486,2025-08-15 16:57:50+00:00,1.0,0.6593574513005551,5.753365711969842,178,False,2025w33-Fri,Z4 (Threshold),Z2 (Aerobic),mixed
2025-08-15 16:57:52+00:00,34.606145,-98.422411,341.3,178,162,,1.0,2.33688955506562,2.33688955506562,2.5623990666296126,390.2592742180963,34.606124,-98.422412,2.33688955506562,2025-08-15 16:57:51+00:00,1.0,0.6616943408556207,7.132001580422142,178,False,2025w33-Fri,Z4 (Threshold),Z2 (Aerobic),mixed
2025-08-15 16:57:53+00:00,34.606167,-98.422408,341.3,178,162,,1.0,2.4616518387898476,2.4616518387898476,2.56338005247659,390.10992499292394,34.606145,-98.422411,2.4616518387898476,2025-08-15 16:57:52+00:00,1.0,0.6641559926944105,6.770535027485193,178,False,2025w33-Fri,Z4 (Threshold),Z2 (Aerobic),mixed
2025-08-15 16:57:54+00:00,34.60619,-98.422408,341.3,178,160,,1.0,2.5574868448737074,2.5574868448737074,2.474634066550064,404.1001510151033,34.606167,-98.422408,2.5574868448737074,2025-08-15 16:57:53+00:00,1.0,0.6667134795392842,6.51682726478424,178,False,2025w33-Fri,Z4 (Threshold),Z2 (Aerobic),mixed
2025-08-15 16:57:55+00:00,34.606213,-98.422406,341.3,178,162,,1.0,2.564028857776023,2.564028857776023,2.5409924490090474,393.5470175796809,34.60619,-98.422408,2.564028857776023,2025-08-15 16:57:54+00:00,1.0,0.6692775083970602,6.500199851282599,178,False,2025w33-Fri,Z4 (Threshold),Z2 (Aerobic),mixed
2025-08-15 16:57:56+00:00,34.606235,-98.422404,341.3,178,160,,1.0,2.4531303271780955,2.4531303271780955,2.561467822346706,390.40115642906784,34.606213,-98.422406,2.4531303271780955,2025-08-15 16:57:55+00:00,1.0,0.6717306387242383,6.794054035919148,178,False,2025w33-Fri,Z4 (Threshold),Z2 (Aerobic),mixed
2025-08-15 16:57:57+00:00,34.606259,-98.422404,341.3,178,160,,1.0,2.668681925546906,2.668681925546906,2.5405965452467596,393.60834441458843,34.606235,-98.422404,2.668681925546906,2025-08-15 16:57:56+00:00,1.0,0.6743993206497852,6.245292794338692,178,False,2025w33-Fri,Z4 (Threshold),Z2 (Aerobic),mixed
2025-08-15 16:57:58+00:00,34.606282,-98.422406,341.3,178,160,,1.0,2.5640288468343657,2.5640288468343657,2.5840673499069493,386.9868175208395,34.606259,-98.422404,2.5640288468343657,2025-08-15 16:57:57+00:00,1.0,0.6769633494966197,6.500199879021351,178,False,2025w33-Fri,Z4 (Threshold),Z2 (Aerobic),mixed
2025-08-15 16:57:59+00:00,34.606304,-98.422408,341.3,178,160,,1.0,2.453130315210204,2.453130315210204,2.584067345952749,386.98681811301583,34.606282,-98.422406,2.453130315210204,2025-08-15 16:57:58+00:00,1.0,0.6794164798118298,6.794054069064758,178,False,2025w33-Fri,Z4 (Threshold),Z2 (Aerobic),mixed
2025-08-15 16:58:00+00:00,34.606329,-98.422407,341.3,178,160,,1.0,2.7813831812326466,2.7813831812326466,2.5647675710754196,389.89887866552175,34.606304,-98.422408,2.7813831812326466,2025-08-15 16:57:59+00:00,1.0,0.6821978629930625,5.992234407850877,178,False,2025w33-Fri,Z4 (Threshold),Z2 (Aerobic),mixed
2025-08-15 16:58:01+00:00,34.606351,-98.422405,341.3,178,160,,1.0,2.453130306774082,2.453130306774082,2.5647675674744788,389.89887921294087,34.606329,-98.422407,2.453130306774082,2025-08-15 16:58:00+00:00,1.0,0.6846509932998365,6.794054092428975,178,False,2025w33-Fri,Z4 (Threshold),Z2 (Aerobic),mixed
2025-08-15 16:58:02+00:00,34.606374,-98.422402,341.3,178,162,,1.0,2.5721829186286675,2.5721829186286675,2.563742143585112,390.0548276675008,34.606351,-98.422405,2.5721829186286675,2025-08-15 16:58:01+00:00,1.0,0.6872231762184652,6.479593608718028,178,False,2025w33-Fri,Z4 (Threshold),Z2 (Aerobic),mixed
2025-08-15 16:58:03+00:00,34.606397,-98.4224,341.4,178,162,,1.0,2.5640288281143886,2.5640288281143886,2.4748435387163266,404.0659477482317,34.606374,-98.422402,2.5640288281143886,2025-08-15 16:58:02+00:00,1.0,0.6897872050465795,6.5001999264793175,178,False,2025w33-Fri,Z4 (Threshold),Z2 (Aerobic),mixed
2025-08-15 16:58:04+00:00,34.606419,-98.422401,341.5,178,160,,1.0,2.4480031894182686,2.4480031894182686,2.4738181161763064,404.2334371557052,34.606397,-98.4224,2.4480031894182686,2025-08-15 16:58:03+00:00,1.0,0.6922352082359978,6.8082836133724935,178,False,2025w33-Fri,Z4 (Threshold),Z2 (Aerobic),mixed
2025-08-15 16:58:05+00:00,34.60644,-98.4224,341.6,178,160,,1.0,2.3368895423770946,2.3368895423770946,2.451711907375057,407.8782653834142,34.606419,-98.422401,2.3368895423770946,2025-08-15 16:58:04+00:00,1.0,0.6945720977783749,7.132001619146516,178,False,2025w33-Fri,Z4 (Threshold),Z1 (Recovery),mixed
2025-08-15 16:58:06+00:00,34.606462,-98.422401,341.6,178,160,,1.0,2.448003187646355,2.448003187646355,2.49518271652081,400.77225342213126,34.60644,-98.4224,2.448003187646355,2025-08-15 16:58:05+00:00,1.0,0.6970201009660212,6.808283618300465,178,False,2025w33-Fri,Z4 (Threshold),Z2 (Aerobic),mixed
2025-08-15 16:58:07+00:00,34.606484,-98.422404,341.7,178,160,,1.0,2.4616517211745164,2.4616517211745164,2.517406828717327,397.2341651704828,34.606462,-98.422401,2.4616517211745164,2025-08-15 16:58:06+00:00,1.0,0.6994817526871957,6.770535350974789,178,False,2025w33-Fri,Z4 (Threshold),Z2 (Aerobic),mixed
2025-08-15 16:58:08+00:00,34.606509,-98.422405,341.7,178,160,,1.0,2.781383174742696,2.781383174742696,2.5615262282923505,390.3922548029708,34.606484,-98.422404,2.781383174742696,2025-08-15 16:58:07+00:00,1.0,0.7022631358619384,5.9922344218328805,178,False,2025w33-Fri,Z4 (Threshold),Z2 (Aerobic),mixed
2025-08-15 16:58:09+00:00,34.606532,-98.422406,341.7,178,160,,1.0,2.5591239031507276,2.5591239031507276,2.5642559245283922,389.9766752742966,34.606509,-98.422405,2.5591239031507276,2025-08-15 16:58:08+00:00,1.0,0.7048222597650892,6.512658484210314,178,False,2025w33-Fri,Z4 (Threshold),Z2 (Aerobic),mixed
2025-08-15 16:58:10+00:00,34.606555,-98.422406,341.8,178,160,,1.0,2.5574868455810313,2.5574868455810313,2.5642559160167617,389.97667656876075,34.606532,-98.422406,2.5574868455810313,2025-08-15 16:58:09+00:00,1.0,0.7073797466106702,6.516827262981882,178,False,2025w33-Fri,Z4 (Threshold),Z2 (Aerobic),mixed
2025-08-15 16:58:11+00:00,34.606577,-98.422409,341.8,178,158,,1.0,2.461651687005063,2.461651687005063,2.5224159049458947,396.4453276873267,34.606555,-98.422406,2.461651687005063,2025-08-15 16:58:10+00:00,1.0,0.7098413982976752,6.770535444954573,178,False,2025w33-Fri,Z4 (Threshold),Z2 (Aerobic),mixed
2025-08-15 16:58:12+00:00,34.606599,-98.422412,341.8,178,158,,1.0,2.4616516793344125,2.4616516793344125,2.43668580344627,410.3934937305717,34.606577,-98.422409,2.4616516793344125,2025-08-15 16:58:11+00:00,1.0,0.7123030499770097,6.770535466051957,178,False,2025w33-Fri,Z4 (Threshold),Z1 (Recovery),mixed
2025-08-15 16:58:13+00:00,34.606622,-98.422415,341.8,178,160,,1.0,2.5721828305152563,2.5721828305152563,2.3099663140892024,432.9067458259842,34.606599,-98.422412,2.5721828305152563,2025-08-15 16:58:12+00:00,1.0,0.7148752328075249,6.4795938306847916,178,False,2025w33-Fri,Z4 (Threshold),Z1 (Recovery),mixed
2025-08-15 16:58:14+00:00,34.606641,-98.422418,341.8,178,160,,1.0,2.1304728035578395,2.1304728035578395,2.19582679678889,455.4093252994132,34.606622,-98.422415,2.1304728035578395,2025-08-15 16:58:13+00:00,1.0,0.7170057056110827,7.823005284163685,178,False,2025w33-Fri,Z4 (Threshold),Z1 (Recovery),mixed
2025-08-15 16:58:15+00:00,34.606657,-98.422426,341.8,178,156,,1.0,1.9238885230274898,1.9238885230274898,2.074275641297247,482.09600502978594,34.606641,-98.422418,1.9238885230274898,2025-08-15 16:58:14+00:00,1.0,0.7189295941341102,8.663027925221348,178,False,2025w33-Fri,Z4 (Threshold),Z1 (Recovery),mixed
2025-08-15 16:58:16+00:00,34.606673,-98.422433,341.8,178,152,,1.0,1.8909533131128802,1.8909533131128802,1.901110826038679,526.0082612246691,34.606657,-98.422426,1.8909533131128802,2025-08-15 16:58:15+00:00,1.0,0.720820547447223,8.813914063570053,178,False,2025w33-Fri,Z4 (Threshold),Z1 (Recovery),mixed
2025-08-15 16:58:17+00:00,34.606687,-98.422444,341.8,178,146,,1.0,1.8538950621773542,1.8538950621773542,1.8007159277813294,555.3346780422522,34.606673,-98.422433,1.8538950621773542,2025-08-15 16:58:16+00:00,1.0,0.7226744425094004,8.99009892200984,178,False,2025w33-Fri,Z4 (Threshold),Z1 (Recovery),mixed
